image_path,image_url,article_url,fc_org,fc_pub_date,fc_language,fc_country,verification_strategy,verification_tools,claim,multilingual_claim,claim_language,verdict,claimant,claimant_intent,claimed_date,claimed_location,claimed_people,claimed_things,claimed_event,provenance,source,date,location,motivation,people,things,event,task_claim_extraction,task_location_verification,true_caption,task_claimant_intent,task_fake_detection,task_image_contextualization,split,is_ai_generated,use_true_caption,negative_geolocations,coordinates,negative_coordinates,is_manipulated_fake,verdict_coarse,multilingual_true_caption,task_verdict_prediction,wayback_image_url,full_image_path,image_exists,claim_word_count,target,text_pred,text_prob,image_pred,image_prob,text_wrong_confidence,image_wrong_confidence,combined_wrong_confidence
images/uydu-goruntuleri-libyada-yasanan-kasirganin-oncesini-ve-sonrasini-mi-gosteriyor.png,https://www.dogrula.org/wp-content/uploads/libya-col-iddia-1.png,https://www.dogrula.org/dogrulamalar/uydu-goruntuleri-libyada-yasanan-kasirganin-oncesini-ve-sonrasini-mi-gosteriyor,dogrula.org,2023-09-20,turkish,Turkey,keyword search,not enough information,Before and after satellite images of the hurricane that hit Libya.,Libya’yı vuran kasırganın öncesini ve sonrasını gösteren uydu görüntüleri.,Turkish,true,Social media users,not enough information,not enough information,Libya,not enough information,not enough information,Hurricane in Libya,not enough information,Sentinel-2 satellite operated by the European environmental monitoring program Copernicus,not enough information,Libya,To show the extent of the flood and destruction in Libya,not enough information,"Temporary lakes and river systems, flooded neighborhoods in the coastal city of Derna",Flooding and destruction in Libya after the Daniel Storm,True,False,"Flooding and destruction occurred in Libya after the Daniel Storm, affecting various areas and causing significant damage to infrastructure and homes.",False,True,True,test,False,False,not enough information,not enough information,not enough information,False,True,"Daniel Fırtınası'nın ardından Libya'da sel ve yıkım meydana geldi, çeşitli bölgeleri etkileyerek altyapı ve evlerde önemli hasara yol açtı.",True,https://web.archive.org/web/20240723064541/https://www.dogrula.org/wp-content/uploads/libya-col-iddia-1.png,..\..\M4FC\data_wayback\images\uydu-goruntuleri-libyada-yasanan-kasirganin-oncesini-ve-sonrasini-mi-gosteriyor.png,True,11,0,1,0.59148496,1,1.0,0.59148496,1.0,0.59148496
images/factcheck-ja-deze-foto-toont-recent-oorlogsgeweld-in-charkov.png,https://img.static-rmg.be/a/view/q75/w/h/4351431/b3eeaf4c508326c02b34f6acb0aed5ae-png.png,https://www.knack.be/factcheck/factcheck-ja-deze-foto-toont-recent-oorlogsgeweld-in-charkov,knack.be,2022-03-02,dutch,Belgium,reverse image search; geolocation,google street view;google earth;google,Recent war violence in Kharkiv.,Recente oorlogsgeweld in Charkov.,Dutch,true,Nexta,To document war violence in Kharkiv.,2022-02-28,"Kharkiv, Ukraine",A woman whose legs were partially severed,"A projectile impact, blood pool, smartphone",War violence in Kharkiv,no,not enough information,2022-02-28,"Northern Kharkiv, Ukraine",To document the impact of a projectile,not enough information,"Projectile impact, blood pool, smartphone, Optimeal pet food shop",War violence in Kharkiv,True,False,not enough information,True,True,True,train,False,False,not enough information,not enough information,not enough information,False,True,not enough information,True,https://web.archive.org/web/20251015122057/https://img.static-rmg.be/a/view/q75/w/h/4351431/b3eeaf4c508326c02b34f6acb0aed5ae-png.png,..\..\M4FC\data_wayback\images\factcheck-ja-deze-foto-toont-recent-oorlogsgeweld-in-charkov.png,True,5,0,1,0.5910975,1,0.99999297,0.5910975,0.99999297,0.5910933
images/vladimir-putin-with-fiona-hill.png,https://www.snopes.com/uploads/2019/12/fiona-hill-and-putin-meme.jpg,https://www.snopes.com/fact-check/vladimir-putin-with-fiona-hill,snopes.com,2019-12-09 14:05:10,english,US,not enough information,not enough information,Russian President Vladimir Putin with U.S. Foreign Affairs Specialist Fiona Hill.,not enough information,English,true,not enough information,Belief that the photograph is evidence of a nefarious plot involving Hill and Putin.,not enough information,not enough information,"Vladimir Putin, Fiona Hill",not enough information,not enough information,not enough information,Russia's government archives,2010-09,"Sochi, Russia",Attending the Valdai International Discussion Club conference,"['vladimir putin', 'fiona hill']",not enough information,Seventh meeting of the Valdai International Discussion Club,True,False,not enough information,True,True,True,train,False,False,not enough information,not enough information,not enough information,False,True,not enough information,True,https://web.archive.org/web/20221226111859/https://www.snopes.com/uploads/2019/12/fiona-hill-and-putin-meme.jpg,..\..\M4FC\data_wayback\images\vladimir-putin-with-fiona-hill.png,True,11,0,1,0.5898433,1,1.0,0.5898433,1.0,0.5898433
images/jerry-falwell-unzipped.png,https://web.archive.org/web/20221224150937/https://media.snopes.com/2020/08/Screenshot_2020-08-07-Robert-Downen-on-Twitter-wut-is-happening-https-t-co-8iEOr9EeRQ-Twitter.png,https://www.snopes.com/fact-check/jerry-falwell-unzipped,snopes.com,2020-08-07 16:41:14,english,US,not enough information,not enough information,"Evangelical Liberty University president Jerry Falwell, Jr. posing next to a woman with his pants unzipped.",not enough information,English,true,"Jerry Falwell, Jr.",The photograph was meant as a joke.,not enough information,not enough information,"Jerry Falwell, Jr. and a woman described as his wife's assistant",not enough information,not enough information,not enough information,"Jerry Falwell, Jr.",2020-08,not enough information,The photograph was meant as a joke.,"['jerry falwell', 'jr.']",not enough information,not enough information,True,False,not enough information,True,True,True,train,False,False,not enough information,not enough information,not enough information,False,True,not enough information,True,https://web.archive.org/web/20250826092805/https://www.snopes.com/uploads/2020/08/Screenshot_2020-08-07-Robert-Downen-on-Twitter-wut-is-happening-https-t-co-8iEOr9EeRQ-Twitter.png,..\..\M4FC\data_wayback\images\jerry-falwell-unzipped.png,True,16,0,1,0.5898433,1,0.9999994,0.5898433,0.9999994,0.5898429
images/taco-bell-false-advertising-lawsuit.png,https://mediaproxy.snopes.com/width/600/https://media.snopes.com/2023/08/taco_bell_food_1.png,https://www.snopes.com/fact-check/taco-bell-false-advertising-lawsuit,snopes.com,2023-08-02 17:24:47,english,US,other; keyword search,other,Images of Taco Bell items were from a lawsuit against the fast-food chain for alleged false advertising.,not enough information,English,true,Frank Siragusa,To seek monetary damages and injunctive relief for alleged false advertising by Taco Bell,2023-07-31,U.S. District Court for the Eastern District of New York,not enough information,"Crunchwrap Supreme, Grande Crunchwrap, Vegan Crunchwrap, Mexican Pizza, Veggie Mexican Pizza",Lawsuit against Taco Bell for false advertising,not enough information,U.S. District Court for the Eastern District of New York,2023-07-31,U.S. District Court for the Eastern District of New York,To provide evidence in a lawsuit against Taco Bell for false advertising,not enough information,"Crunchwrap Supreme, Grande Crunchwrap, Vegan Crunchwrap, Mexican Pizza, Veggie Mexican Pizza",Comparison of advertised and actual Taco Bell menu items in a lawsuit,True,False,not enough information,True,True,True,test,False,False,not enough information,not enough information,not enough information,False,True,not enough information,True,https://web.archive.org/web/20240728022023/https://mediaproxy.snopes.com/width/600/https://media.snopes.com/2023/08/taco_bell_food_1.png,..\..\M4FC\data_wayback\images\taco-bell-false-advertising-lawsuit.png,True,17,0,1,0.5898433,1,0.9999987,0.5898433,0.9999987,0.5898425
images/fact-check-yes-these-images-show-a-traffic-jam-along-seventh-day-gudele-street-in-juba.png,https://lh4.googleusercontent.com/PjA4NNrsfi-XChFIQn2la4pCvBXJVxQTckMLQ4PvDfey0Q5EE8T3PF6_6cyXi2FdIva06dA-12nILPl_k5pTFeyiEY-WQN-N2UHAI7h-uJaKXqUv7__4MzsxGI1sGXQ0F-5vDG6qIWtqtSxgs-tfRDNzENLC0lzzRMbhBMNt7AxD8sk_Y2q6vH2vzfhHgQ,https://211check.org/fact-check-yes-these-images-show-a-traffic-jam-along-seventh-day-gudele-street-in-juba,211check.org,2022-12-02,english,South Sudan,other,other,A traffic jam at Seventh Day Round about this evening. A lot of cars.,not enough information,English,true,Paam Ke,not enough information,2022-11-24,"Seventh-day – Gudele street, Juba, South Sudan",not enough information,"Cars, water tank trucks",Traffic jam,yes,Advance Digital,2022-11-24,"Seventh-day – Gudele street, Juba, South Sudan",To show a traffic jam,not enough information,"Cars, water tank trucks, MTN billboard, mGurush billboard",Traffic jam,False,False,not enough information,False,True,True,dev,False,False,not enough information,not enough information,not enough information,False,True,not enough information,True,https://web.archive.org/web/20250927205717/https://lh4.googleusercontent.com/PjA4NNrsfi-XChFIQn2la4pCvBXJVxQTckMLQ4PvDfey0Q5EE8T3PF6_6cyXi2FdIva06dA-12nILPl_k5pTFeyiEY-WQN-N2UHAI7h-uJaKXqUv7__4MzsxGI1sGXQ0F-5vDG6qIWtqtSxgs-tfRDNzENLC0lzzRMbhBMNt7AxD8sk_Y2q6vH2vzfhHgQ,..\..\M4FC\data_wayback\images\fact-check-yes-these-images-show-a-traffic-jam-along-seventh-day-gudele-street-in-juba.png,True,14,0,1,0.5898433,1,0.99999833,0.5898433,0.99999833,0.58984226
images/fotografias-mostram-cavalos-obrigados-a-saltar-fogueiras-em-festa-religiosa-sim-e-uma-tradicao.png,https://poligrafo.sapo.pt/wp-content/uploads/678e535b9b4852d3032e26b9d4e300524080a68f.png,https://poligrafo.sapo.pt/fact-check/fotografias-mostram-cavalos-obrigados-a-saltar-fogueiras-em-festa-religiosa-sim-e-uma-tradicao,poligrafo.sapo.pt,2022-07-12,portuguese,Portugal,keyword search,not enough information,Horses forced to jump over bonfires in a religious festival.,not enough information,English,true,An animal protection organization on Instagram,To raise awareness about animal welfare and criticize the tradition,not enough information,"Monforte da Beira, Castelo Branco",not enough information,"Horses, bonfires",Religious festival in honor of São João Baptista,not enough information,not enough information,not enough information,"Monforte da Beira, Castelo Branco",To document the tradition of horses jumping over bonfires during the festival,not enough information,"Horses, bonfires",Religious festival in honor of São João Baptista,False,False,not enough information,True,True,True,train,False,False,not enough information,not enough information,not enough information,False,True,not enough information,True,https://web.archive.org/web/20250603193702/https://poligrafo.sapo.pt/wp-content/uploads/678e535b9b4852d3032e26b9d4e300524080a68f.png,..\..\M4FC\data_wayback\images\fotografias-mostram-cavalos-obrigados-a-saltar-fogueiras-em-festa-religiosa-sim-e-uma-tradicao.png,True,10,0,1,0.5898433,1,0.9999981,0.5898433,0.9999981,0.58984214
images/british-soldiers-in-drag-nazis.png,https://media-proxy.snopes.com/width/600?url=https://media.snopes.com/2024/05/drag_nazis_2.png,https://www.snopes.com/fact-check/british-soldiers-in-drag-nazis,snopes.com,2021-06-15 16:49:41,english,US,not enough information,not enough information,British troops in drag pointing a naval gun at incoming Nazi planes.,not enough information,English,true,Twitter user @Erica_fosk,not enough information,1940,"Near Gravesend, England",British troops,Naval gun,Shooting at incoming Nazi planes during World War II,yes,John Topham,1940,"Near Gravesend, England",Capturing British troops during a German air raid,not enough information,Naval gun,German air raid during World War II,True,False,not enough information,False,True,True,train,False,False,not enough information,not enough information,not enough information,False,True,not enough information,True,https://web.archive.org/web/20250806161629/https://media-proxy.snopes.com/width/600?url=https://media.snopes.com/2024/05/drag_nazis_2.png,..\..\M4FC\data_wayback\images\british-soldiers-in-drag-nazis.png,True,12,0,1,0.5898433,1,0.999998,0.5898433,0.999998,0.5898421
images/cicada-shell-art.png,https://www.snopes.com/tachyon/2021/05/cicada-sculptures.jpg,https://www.snopes.com/fact-check/cicada-shell-art,snopes.com,2021-05-24 12:00:30,english,US,not enough information,not enough information,Various sculptures were built with cicada shells.,not enough information,English,true,not enough information,not enough information,not enough information,not enough information,not enough information,not enough information,not enough information,yes,@ride_hero_; Tanikurakai,2017; 2018,Japan; Japan,Art creation; Art creation,not enough information,Cicada shell sculptures; Cicada shell sculptures,not enough information,True,False,not enough information,False,True,True,train,False,False,not enough information,not enough information,not enough information,False,True,not enough information,True,https://web.archive.org/web/20221204025405/https://www.snopes.com/tachyon/2021/05/cicada-sculptures.jpg,..\..\M4FC\data_wayback\images\cicada-shell-art.png,True,7,0,1,0.5898433,1,0.9999838,0.5898433,0.9999838,0.58983374
images/martian-sunset-spirit.png,https://www.snopes.com/tachyon/2021/02/Screen-Shot-2021-02-21-at-8.54.04-AM.png,https://www.snopes.com/fact-check/martian-sunset-spirit,snopes.com,2021-02-21 09:32:12,english,US,not enough information,not enough information,A genuine sunset from the surface of Mars.,not enough information,English,true,Reddit user in subreddit r/Interestingasfuck,not enough information,not enough information,Mars,not enough information,"Sun, Mars surface",Sunset,yes,NASA,2005-05,"Gusev Crater, Mars",To study Martian atmosphere and dust,not enough information,"Sun, Mars surface",Sunset on Mars,True,False,not enough information,False,True,True,train,False,False,not enough information,not enough information,not enough information,False,True,not enough information,True,https://web.archive.org/web/20230408192408/https://www.snopes.com/tachyon/2021/02/Screen-Shot-2021-02-21-at-8.54.04-AM.png,..\..\M4FC\data_wayback\images\martian-sunset-spirit.png,True,8,0,1,0.5898433,1,0.9999677,0.5898433,0.9999677,0.5898242
images/israeli-demonstrator-kill-them-all-sign.png,https://mediaproxy.snopes.com/width/600/https://media.snopes.com/2024/02/israeli_protester.png,https://www.snopes.com/fact-check/israeli-demonstrator-kill-them-all-sign,snopes.com,2024-02-02 20:38:32,english,US,not enough information,not enough information,An Israeli protester holding a “Kill Them All” sign.,not enough information,English,true,not enough information,not enough information,not enough information,not enough information,not enough information,not enough information,not enough information,yes,Reuters,2016-04,"Tel Aviv, Israel",The photograph was taken during a rally calling for the release of an Israeli soldier charged with manslaughter.,not enough information,"A placard saying ""Kill Them All""",A protest in support of an Israeli soldier charged with manslaughter,True,False,not enough information,False,True,True,test,False,False,not enough information,not enough information,not enough information,False,True,not enough information,True,https://web.archive.org/web/20250920011057/https://mediaproxy.snopes.com/width/600/https://media.snopes.com/2024/02/israeli_protester.png,..\..\M4FC\data_wayback\images\israeli-demonstrator-kill-them-all-sign.png,True,9,0,1,0.5898433,1,0.9999422,0.5898433,0.9999422,0.5898092
images/last-public-execution.png,https://mediaproxy.snopes.com/width/600/https://media.snopes.com/2023/04/last-execution-reddit.png,https://www.snopes.com/fact-check/last-public-execution,snopes.com,2023-04-08 07:09:02,english,US,not enough information,not enough information,A photograph from the 1930s shows the last public execution held in the United States.,not enough information,English,true,not enough information,not enough information,1936,USA,Rainey Bethea,not enough information,The last public execution in the USA,not enough information,not enough information,1936-08-14,"Owensboro, Kentucky",To document the last public execution in the USA,"['rainey bethea', 'arthur hash', 'florence thompson']",Gallows,The last public execution in the USA,True,False,not enough information,False,True,True,test,False,False,not enough information,not enough information,not enough information,False,True,not enough information,True,https://web.archive.org/web/20240808152928/https://mediaproxy.snopes.com/width/600/https://media.snopes.com/2023/04/last-execution-reddit.png,..\..\M4FC\data_wayback\images\last-public-execution.png,True,15,0,1,0.5898433,1,0.9998293,0.5898433,0.9998293,0.5897426
images/capitol-riot-podium.png,https://www.snopes.com/uploads/2021/01/trump-mob-podium.jpg,https://www.snopes.com/fact-check/capitol-riot-podium,snopes.com,2021-01-06 14:47:28,english,US,not enough information,not enough information,"A rioter holding a lectern inside the U.S. Capitol on Jan. 6, 2021.",not enough information,English,true,not enough information,not enough information,2021-01-06,"U.S. Capitol, Washington, DC",A rioter (identity unknown),Lectern (referred to as a podium),"Rioter holding a lectern inside the U.S. Capitol during the storming on Jan. 6, 2021",not enough information,Win McNamee/Getty Images,2021-01-06,"U.S. Capitol, Washington, DC",To document the events during the storming of the U.S. Capitol,['trump'],Lectern (referred to as a podium),Protesters entering the U.S. Capitol Building during a joint session of Congress,True,False,not enough information,False,True,True,train,False,False,not enough information,not enough information,not enough information,False,True,not enough information,True,https://web.archive.org/web/20221226042412/https://www.snopes.com/uploads/2021/01/trump-mob-podium.jpg,..\..\M4FC\data_wayback\images\capitol-riot-podium.png,True,13,0,1,0.5898433,1,0.99979025,0.5898433,0.99979025,0.58971953
images/donald-trumps-mother-photo.png,https://www.snopes.com/uploads/2018/10/trump-foxtel.jpg,https://www.snopes.com/fact-check/donald-trumps-mother-photo,snopes.com,2018-10-01 15:23:33,english,US,not enough information,not enough information,"Donald Trump's mother, Mary Anne MacLeod Trump.",not enough information,English,true,not enough information,not enough information,not enough information,not enough information,"Donald Trump's mother, Mary Anne MacLeod Trump",not enough information,not enough information,yes,Foxtel,1997,not enough information,not enough information,['mary anne macleod'],"Big gold earrings, large pearl necklace",Interview with Australian TV network Foxtel,False,False,not enough information,False,True,True,train,False,False,not enough information,not enough information,not enough information,False,True,not enough information,True,https://web.archive.org/web/20250120021944/https://www.snopes.com/uploads/2018/10/trump-foxtel.jpg,..\..\M4FC\data_wayback\images\donald-trumps-mother-photo.png,True,7,0,1,0.5898433,1,0.9995629,0.5898433,0.9995629,0.5895855
images/vance-passed-out-college.png,https://media-proxy.snopes.com/width/600?url=https://media.snopes.com/2024/07/jd_vance_facebook_floor.jpg,https://www.snopes.com/fact-check/vance-passed-out-college,snopes.com,2024-07-29 21:41:51,english,US,keyword search,other,U.S. Sen. JD Vance passed out on the floor while in college.,not enough information,English,true,Danielle,not enough information,not enough information,Ohio State University,JD Vance,Stuffed animal,not enough information,not enough information,Danielle/Facebook,not enough information,Ohio State University,not enough information,['jd vance'],not enough information,not enough information,False,False,not enough information,False,True,True,test,False,False,not enough information,not enough information,not enough information,False,True,not enough information,True,https://web.archive.org/web/20250122012115/https://media-proxy.snopes.com/width/600?url=https%3A%2F%2Fmedia.snopes.com%2F2024%2F07%2Fjd_vance_facebook_floor.jpg,..\..\M4FC\data_wayback\images\vance-passed-out-college.png,True,12,0,1,0.5898433,1,0.99952734,0.5898433,0.99952734,0.5895645
images/us-rep-chrismas-card-guns-nashville-shooting.png,https://mediaproxy.snopes.com/width/1200/https://media.snopes.com/2023/03/facebook_photo.png,https://www.snopes.com/fact-check/us-rep-chrismas-card-guns-nashville-shooting,snopes.com,2023-03-27 21:04:38,english,US,keyword search,other,Andy Ogles took a Christmas photo of family posing with guns.,not enough information,English,true,Shannon Watts,not enough information,2022,"Nashville, Tennessee",Andy Ogles and his family,Guns,Christmas photo,yes,Andy Ogles' Facebook account,2021,not enough information,Christmas greeting,['andy ogles'],Guns,Christmas photo,False,False,not enough information,False,True,True,test,False,False,not enough information,not enough information,not enough information,False,True,not enough information,True,https://web.archive.org/web/20240717152324/https://mediaproxy.snopes.com/width/1200/https://media.snopes.com/2023/03/facebook_photo.png,..\..\M4FC\data_wayback\images\us-rep-chrismas-card-guns-nashville-shooting.png,True,11,0,1,0.5898433,1,0.9992518,0.5898433,0.9992518,0.58940196
images/rockefeller-christmas-trees-real.png,https://www.snopes.com/uploads/2020/11/rockefeller-christmas-tree.jpg,https://www.snopes.com/fact-check/rockefeller-christmas-trees-real,snopes.com,2020-11-19 11:57:33,english,US,not enough information,not enough information,2020 Rockefeller Center Christmas tree in New York City.,not enough information,English,true,not enough information,not enough information,not enough information,New York City,not enough information,Rockefeller Center Christmas tree,not enough information,not enough information,Rockefeller Center Twitter account,not enough information,Image on the left,To show the Rockefeller Center Christmas tree before and after it was set up,not enough information,Norway spruce tree,Arrival and setup of the 2020 Rockefeller Center Christmas tree,True,False,not enough information,False,True,True,train,False,False,not enough information,not enough information,not enough information,False,True,not enough information,True,https://web.archive.org/web/20221225073043/https://www.snopes.com/uploads/2020/11/rockefeller-christmas-tree.jpg,..\..\M4FC\data_wayback\images\rockefeller-christmas-trees-real.png,True,9,0,1,0.5898433,1,0.998933,0.5898433,0.998933,0.5892139
images/real-image-of-jovial-swedish-people-despite-train-station-flooding-caused-by-typhoon.png,https://assets.st-note.com/img/1663796280835-Tjby7erjXT.png?width=800,https://www.factcheckcenter.jp/fact-check/disasters/real-image-of-jovial-swedish-people-despite-train-station-flooding-caused-by-typhoon,factcheckcenter.jp,2022-09-28,japanese,Japan,keyword search,google;other,Cheerful Swedish people despite a train station flooding caused by a typhoon.,not enough information,English,true,Social media users on Twitter,"Humor, viral content",2022-09,Sweden,Swedish people,"Train station, floodwater, inflatable rings",Typhoon causing flooding,yes,HuffPost France,2018-07-29,"Uppsala, Sweden",Capture the unusual scene of people enjoying themselves during a flood,not enough information,"Train station, floodwater, inflatable rings",Flooding after heavy rain,True,False,"On July 29, 2018, Swedish people in Uppsala experienced flooding after heavy rain.",True,True,True,dev,False,False,not enough information,not enough information,not enough information,False,True,not enough information,True,https://web.archive.org/web/20250101081517/https://assets.st-note.com/img/1663796280835-Tjby7erjXT.png?width=800,..\..\M4FC\data_wayback\images\real-image-of-jovial-swedish-people-despite-train-station-flooding-caused-by-typhoon.png,True,12,0,1,0.5898433,1,0.99877185,0.5898433,0.99877185,0.58911884
images/fotografias-de-consultorio-com-paredes-manchadas-de-humidade-no-hospital-de-coimbra-sao-verdadeiras.png,https://poligrafo.sapo.pt/wp-content/uploads/e50828373f118fb3aaceb645ed00c5462d692101.jpg,https://poligrafo.sapo.pt/fact-check/fotografias-de-consultorio-com-paredes-manchadas-de-humidade-no-hospital-de-coimbra-sao-verdadeiras,poligrafo.sapo.pt,2020-04-21,portuguese,Portugal,profiling,not enough information,"A consultation room with walls stained by humidity at the Centro Hospitalar e Universitário de Coimbra, specifically in the Orthopedic Outpatient area.","Uma sala de consultas com paredes manchadas de humidade no Centro Hospitalar e Universitário de Coimbra, mais concretamente na ala das Consultas Externas de Ortopedia.",Portuguese,true,Social media users on Twitter and Facebook,To highlight a public health issue and criticize the government,not enough information,"Centro Hospitalar e Universitário de Coimbra, Orthopedic Outpatient area",not enough information,Walls stained by humidity,not enough information,not enough information,Centro Hospitalar e Universitário de Coimbra,not enough information,"A room in one of the buildings of the Bloco de Celas, outside the central building of the University Hospitals of Coimbra",The room was used as a material storage and was not authorized for patient access,not enough information,Walls stained by humidity,not enough information,False,False,not enough information,True,True,True,train,False,False,not enough information,not enough information,not enough information,False,True,not enough information,True,https://web.archive.org/web/20251009123232/https://poligrafo.sapo.pt/wp-content/uploads/e50828373f118fb3aaceb645ed00c5462d692101.jpg,..\..\M4FC\data_wayback\images\fotografias-de-consultorio-com-paredes-manchadas-de-humidade-no-hospital-de-coimbra-sao-verdadeiras.png,True,22,0,1,0.5886203,1,0.9996216,0.5886203,0.9996216,0.58839756
images/cat-tongue-under-microscope.png,https://mediaproxy.snopes.com/width/1200/https://media.snopes.com/2022/04/Featured-Image-Backgrounds-17.png,https://www.snopes.com/fact-check/cat-tongue-under-microscope,snopes.com,2022-04-01 13:18:17,english,US,reverse image search,tineye,A cat’s tongue when imaged under a scanning electron micrograph.,not enough information,English,true,Katica123,not enough information,not enough information,not enough information,not enough information,cat's tongue,not enough information,yes,Stephen Gschmeissner,not enough information,not enough information,To show the microscopic structure of a cat's tongue,not enough information,cat's tongue,not enough information,True,False,not enough information,False,True,True,train,False,False,not enough information,not enough information,not enough information,False,True,not enough information,True,https://web.archive.org/web/20230204015547/https://mediaproxy.snopes.com/width/1200/https://media.snopes.com/2022/04/Featured-Image-Backgrounds-17.png,..\..\M4FC\data_wayback\images\cat-tongue-under-microscope.png,True,10,0,1,0.5898433,1,0.9966163,0.5898433,0.9966163,0.5878474
images/imagem-de-jeronimo-de-sousa-com-luis-filipe-vieira-na-festa-do-avante-e-autentica.png,https://poligrafo.sapo.pt/wp-content/uploads/810c837a7602d8e8f1fb2721d8a6256786fdc324.jpg,https://poligrafo.sapo.pt/fact-check/imagem-de-jeronimo-de-sousa-com-luis-filipe-vieira-na-festa-do-avante-e-autentica,poligrafo.sapo.pt,2020-09-17,portuguese,Portugal,not enough information,not enough information,Jerónimo de Sousa with Luís Filipe Vieira at the Festa do “Avante!”,Jerónimo de Sousa com Luís Filipe Vieira na Festa do “Avante!”,Portuguese,true,Social media users,To criticize the alleged silence of the PCP regarding Luís Filipe Vieira's support.,not enough information,Festa do “Avante!”,"Jerónimo de Sousa, Luís Filipe Vieira",not enough information,Festa do “Avante!”,yes,Avante!,2013-09-12,Festa do “Avante!”,To document the visit of Luís Filipe Vieira to the Festa do “Avante!”.,"['jerónimo de sousa', 'luís filipe vieira']",not enough information,Festa do “Avante!”,False,False,not enough information,True,True,True,train,False,False,not enough information,not enough information,not enough information,False,True,not enough information,True,https://web.archive.org/web/20251010075226/https://poligrafo.sapo.pt/wp-content/uploads/810c837a7602d8e8f1fb2721d8a6256786fdc324.jpg,..\..\M4FC\data_wayback\images\imagem-de-jeronimo-de-sousa-com-luis-filipe-vieira-na-festa-do-avante-e-autentica.png,True,12,0,1,0.5871527,1,0.99997485,0.5871527,0.99997485,0.58713794
images/proibido-alimentar-os-animais-punivel-com-coima-imagem-deste-cartaz-em-cascais-e-autentica.png,https://poligrafo.sapo.pt/wp-content/uploads/e91a413bda1a023559880002e8f753b91dcb82d2.png,https://poligrafo.sapo.pt/fact-check/proibido-alimentar-os-animais-punivel-com-coima-imagem-deste-cartaz-em-cascais-e-autentica,poligrafo.sapo.pt,2022-09-29,portuguese,Portugal,not enough information,not enough information,"An authentic poster shows the message: It is forbidden to feed animals, punishable by a fine","""Proibido alimentar os animais, punível com coima""",Portuguese,true,not enough information,Criticism of the sign's installation,not enough information,"Cascais, Estrada do Guincho",not enough information,Sign,Installation of a sign prohibiting feeding animals,yes,Associação São Francisco de Assis – Cascais (SFA),2019-06,"Cascais, Estrada do Guincho","To address the issue of feral dogs known as ""Matilha do Guincho""",not enough information,Sign,Installation of a sign to prevent feeding animals in public places,False,False,not enough information,True,True,True,dev,False,False,not enough information,not enough information,not enough information,False,True,not enough information,True,https://web.archive.org/web/20251010082457/https://poligrafo.sapo.pt/wp-content/uploads/e91a413bda1a023559880002e8f753b91dcb82d2.png,..\..\M4FC\data_wayback\images\proibido-alimentar-os-animais-punivel-com-coima-imagem-deste-cartaz-em-cascais-e-autentica.png,True,16,0,1,0.5879917,1,0.99749774,0.5879917,0.99749774,0.58652043
images/bush-obama-transition-kids-photo.png,https://mediaproxy.snopes.com/width/1200/https://media.snopes.com/2024/03/jenna_barbara_and_nancy_bush_watch_as_malia_and_sasha_obama_slide_down_a_ramp_in_the_white_house.jpg,https://www.snopes.com/fact-check/bush-obama-transition-kids-photo,snopes.com,2024-03-20 23:23:48,english,US,keyword search,google,Daughters of George W. Bush and Barack Obama sliding down a ramp in the White House during the 2008 presidential transition.,not enough information,English,true,Reddit user on r/Presidents subreddit,not enough information,2008,White House,Daughters of George W. Bush and Barack Obama,Ramp,2008 presidential transition,yes,Joyce N. Boghosian,2008,White House,To show the daughters of Barack Obama the White House traditions,"['jenna bush hager', 'barbara bush', 'malia obama', 'sasha obama']",Ramp,White House tour during the 2008 presidential transition,False,False,not enough information,False,True,True,test,False,False,not enough information,not enough information,not enough information,False,True,not enough information,True,https://web.archive.org/web/20240329233842/https://mediaproxy.snopes.com/width/1200/https://media.snopes.com/2024/03/jenna_barbara_and_nancy_bush_watch_as_malia_and_sasha_obama_slide_down_a_ramp_in_the_white_house.jpg,..\..\M4FC\data_wayback\images\bush-obama-transition-kids-photo.png,True,21,0,1,0.5898433,1,0.9929263,0.5898433,0.9929263,0.5856709
images/imagem-viral-de-tourada-com-publico-na-ilha-terceira-dos-acores-e-autentica.png,https://poligrafo.sapo.pt/wp-content/uploads/e85d4a74e6cd23e3271a37505156b8e83bd6a7d4.png,https://poligrafo.sapo.pt/fact-check/imagem-viral-de-tourada-com-publico-na-ilha-terceira-dos-acores-e-autentica,poligrafo.sapo.pt,2020-08-18,portuguese,Portugal,not enough information,not enough information,"Captured during a bullfight on Ilha Terceira, Azores, last weekend.","Captada durante uma tourada na Ilha Terceira, arquipélago dos Açores, no último fim-de-semana.",Portuguese,true,not enough information,not enough information,not enough information,"Ilha Terceira, Azores",Spectators wearing masks,not enough information,Bullfight,no,not enough information,2020-08-15,"Praça de Toiros da Ilha Terceira, Azores",To document the bullfight event,"['cavaleiros tiago pamplona', 'joão pamplona', 'manuel dias gomes']",not enough information,Bullfight organized by Grupo de Forcados Amadores do Ramo Grande,False,False,not enough information,False,True,True,train,False,False,not enough information,not enough information,not enough information,False,True,not enough information,True,https://web.archive.org/web/20251010081231/https://poligrafo.sapo.pt/wp-content/uploads/e85d4a74e6cd23e3271a37505156b8e83bd6a7d4.png,..\..\M4FC\data_wayback\images\imagem-viral-de-tourada-com-publico-na-ilha-terceira-dos-acores-e-autentica.png,True,10,0,1,0.58494115,1,0.99905854,0.58494115,0.99905854,0.58439046
images/imagem-que-mostra-buraco-no-tecto-em-sala-do-tribunal-de-matosinhos-e-real.png,https://poligrafo.sapo.pt/wp-content/uploads/14bbd0bc1b98fa99ba9add63911f62b298f5a7ca.png,https://poligrafo.sapo.pt/fact-check/imagem-que-mostra-buraco-no-tecto-em-sala-do-tribunal-de-matosinhos-e-real,poligrafo.sapo.pt,2023-06-30,portuguese,Portugal,keyword search,not enough information,A hole opened in the ceiling of a courtroom in the Tribunal Judicial de Matosinhos.,Um buraco abriu-se no tecto de uma sala do Tribunal Judicial de Matosinhos.,Portuguese,true,Facebook user,not enough information,2023-06-11,Tribunal Judicial de Matosinhos,not enough information,"A hole in the ceiling, 11 buckets",A hole opened in the ceiling of a courtroom,not enough information,not enough information,not enough information,Tribunal Judicial de Matosinhos,not enough information,not enough information,"A hole in the ceiling, 11 buckets",A hole opened in the ceiling of a courtroom,True,False,not enough information,False,True,True,test,False,False,not enough information,not enough information,not enough information,False,True,not enough information,True,https://web.archive.org/web/20251010080433/https://poligrafo.sapo.pt/wp-content/uploads/14bbd0bc1b98fa99ba9add63911f62b298f5a7ca.png,..\..\M4FC\data_wayback\images\imagem-que-mostra-buraco-no-tecto-em-sala-do-tribunal-de-matosinhos-e-real.png,True,15,0,1,0.5869737,1,0.9928572,0.5869737,0.9928572,0.5827811
images/god-turtle-image.png,https://www.snopes.com/uploads/2019/05/god-turtles.jpg,https://www.snopes.com/fact-check/god-turtle-image,snopes.com,2019-05-15 14:14:11,english,US,not enough information,not enough information,"Markings on a turtle's shell resemble the word ""God.""",not enough information,English,true,"Facebook page ""Country n Garden""",not enough information,not enough information,not enough information,not enough information,Turtle,not enough information,yes,Oxford Veterinary Hospital,not enough information,not enough information,not enough information,not enough information,Turtle,not enough information,False,False,not enough information,False,True,True,train,False,False,not enough information,not enough information,not enough information,False,True,not enough information,True,https://web.archive.org/web/20230717125323/https://www.snopes.com/uploads/2019/05/god-turtles.jpg,..\..\M4FC\data_wayback\images\god-turtle-image.png,True,9,0,1,0.5898433,1,0.9828556,0.5898433,0.9828556,0.57973075
images/giuliani-jake-angeli-capitol-riot.png,https://www.snopes.com/uploads/2021/01/rudy-and-viking.jpg,https://www.snopes.com/fact-check/giuliani-jake-angeli-capitol-riot,snopes.com,2021-01-09 10:05:51,english,US,not enough information,not enough information,"Rudy Giuliani with Jake Angeli, who took part in the U.S. Capitol riot wearing horns.",not enough information,English,true,not enough information,not enough information,not enough information,not enough information,"Rudy Giuliani, Jake Angeli",not enough information,not enough information,not enough information,not enough information,2021-01-06; 2020-11-30,U.S. Capitol; Hyatt Regency in downtown Phoenix,not enough information,"['rudy giuliani', 'jake angeli']",not enough information,"TPro-Trump mob forcing their way into the Capitol; Giuliani convening an unofficial ""hearing"" to discuss false allegations of voter fraud",False,False,not enough information,False,True,True,train,False,False,not enough information,not enough information,not enough information,False,True,not enough information,True,https://web.archive.org/web/20250325111024/https://www.snopes.com/uploads/2021/01/rudy-and-viking.jpg,..\..\M4FC\data_wayback\images\giuliani-jake-angeli-capitol-riot.png,True,15,0,1,0.5898433,1,0.98173255,0.5898433,0.98173255,0.57906836
images/michael-jackson-movie-2025.png,https://mediaproxy.snopes.com/width/1200/https://media.snopes.com/2024/02/michael_jackson_biopic.jpeg,https://www.snopes.com/fact-check/michael-jackson-movie-2025,snopes.com,2024-02-14 21:07:52,english,US,not enough information,not enough information,"Jaafar Jackson, nephew of singer Michael Jackson, in character as his uncle for an upcoming film.",not enough information,English,true,u/MarvelsGrantMan136,not enough information,not enough information,not enough information,"Jaafar Jackson, Michael Jackson","Outfit recreating Michael Jackson's ""Man in the Mirror"" look",not enough information,not enough information,Kevin Mazur,not enough information,not enough information,To provide a first look at Jaafar Jackson in character as Michael Jackson for the biopic,['jaafar jackson'],"Outfit recreating Michael Jackson's ""Man in the Mirror"" look",not enough information,False,False,not enough information,False,True,True,test,False,False,not enough information,not enough information,not enough information,False,True,not enough information,True,https://web.archive.org/web/20240222053244/https://mediaproxy.snopes.com/width/1200/https://media.snopes.com/2024/02/michael_jackson_biopic.jpeg,..\..\M4FC\data_wayback\images\michael-jackson-movie-2025.png,True,16,0,1,0.5898433,1,0.9780612,0.5898433,0.9780612,0.5769028
images/tupac-jada-pinkett-smith-high-school.png,https://mediaproxy.snopes.com/width/1200/https://media.snopes.com/2024/04/tupac_jada_pinkett_smith_hs.jpg,https://www.snopes.com/fact-check/tupac-jada-pinkett-smith-high-school,snopes.com,2024-04-17 11:00:04,english,US,reverse image search,tineye;google,Tupac Shakur posing next to Jada Pinkett Smith in high school.,not enough information,English,true,seanmashitoshi on Reddit,not enough information,not enough information,high school,"Tupac Shakur, Jada Pinkett Smith",not enough information,not enough information,yes,Shakur estate,1980,Baltimore School for the Arts,not enough information,"['tupac shakur', 'jada pinkett smith']",not enough information,not enough information,False,False,not enough information,False,True,True,test,False,False,not enough information,not enough information,not enough information,False,True,not enough information,True,https://web.archive.org/web/20241125010812/https://mediaproxy.snopes.com/width/1200/https://media.snopes.com/2024/04/tupac_jada_pinkett_smith_hs.jpg,..\..\M4FC\data_wayback\images\tupac-jada-pinkett-smith-high-school.png,True,11,0,1,0.5898433,1,0.9568634,0.5898433,0.9568634,0.5643994
images/fotografia-de-pessoas-amontoadas-no-metro-de-lisboa-e-autentica.png,https://poligrafo.sapo.pt/wp-content/uploads/17a4e4cd703b34ce0edde2af0a42d18ccf4d6b17.jpg,https://poligrafo.sapo.pt/fact-check/fotografia-de-pessoas-amontoadas-no-metro-de-lisboa-e-autentica,poligrafo.sapo.pt,2020-06-26,portuguese,Portugal,not enough information,not enough information,"Yellow line, today June 25, route Odivelas – Rato at 07:50. The mystery behind the increase in cases in Lisbon needs to be revealed.","Linha amarela, hoje 25 de Junho, percurso Odivelas – Rato às 07:50. Se é para isto que implementaram novas medidas para Lisboa fuck it, não podiam estar mais longe de conhecer a realidade. Espero que fique desvendado o mistério para o aumento de casos em Lisboa.",Portuguese,true,Sofia Figueiredo,Highlight the crowded conditions in the Lisbon metro and criticize the new measures,2020-06-25,"Lisbon Metro, Entrecampos station",not enough information,"Metro train, passengers",Crowded conditions in the Lisbon metro,not enough information,Sofia Figueiredo,2020-06-25,"Lisbon Metro, Entrecampos station",Document the crowded conditions in the Lisbon metro,not enough information,"Metro train, passengers",Crowded conditions in the Lisbon metro,True,False,not enough information,True,True,True,train,False,False,not enough information,not enough information,not enough information,False,True,not enough information,True,https://web.archive.org/web/20251009121941/https://poligrafo.sapo.pt/wp-content/uploads/17a4e4cd703b34ce0edde2af0a42d18ccf4d6b17.jpg,..\..\M4FC\data_wayback\images\fotografia-de-pessoas-amontoadas-no-metro-de-lisboa-e-autentica.png,True,24,0,1,0.5854018,1,0.729789,0.5854018,0.729789,0.42721978
images/musk-nazi-soldier-pigeons.png,https://mediaproxy.snopes.com/width/1200/https://media.snopes.com/2022/11/wehrmacht-homing-pigeons.jpg,https://www.snopes.com/fact-check/musk-nazi-soldier-pigeons,snopes.com,2022-11-07 18:40:58,english,US,keyword search,other,A soldier with the Wehrmacht in Nazi Germany carrying a cage of messenger pigeons on his back.,not enough information,English,true,Elon Musk,"To make a joke about being inundated with messages, referencing his new role as Twitter owner.",not enough information,Nazi Germany,A soldier with the Wehrmacht,A cage of messenger pigeons,World War II,not enough information,Popperfoto,1940-05,"Western front during the German invasion of France, known as the Battle of France",To relay messages during the war,not enough information,A cage of carrier pigeons,German invasion of France during World War II,False,False,not enough information,True,True,True,dev,False,False,not enough information,not enough information,not enough information,False,True,not enough information,True,https://web.archive.org/web/20250921091020/https://mediaproxy.snopes.com/width/1200/https://media.snopes.com/2022/11/wehrmacht-homing-pigeons.jpg,..\..\M4FC\data_wayback\images\musk-nazi-soldier-pigeons.png,True,17,0,1,0.5898433,1,0.5092067,0.5898433,0.5092067,0.30035216
